total_score,Sc,Sc_int_area,complex_normalized,dG_cross,dG_cross/dSASAx100,dG_separated,dG_separated/dSASAx100,dSASA_hphobic,dSASA_int,dSASA_polar,ddg,delta_unsatHbonds,dslf_fa13,fa_atr,fa_dun,fa_elec,fa_intra_rep,fa_intra_sol_xover4,fa_rep,fa_sol,hbond_E_fraction,hbond_bb_sc,hbond_lr_bb,hbond_sc,hbond_sr_bb,hbonds_int,lk_ball_wtd,nres_all,nres_int,omega,p_aa_pp,packstat,per_residue_energy_int,pro_close,rama_prepro,ref,sc_value,side1_normalized,side1_score,side2_normalized,side2_score,yhh_planarity,description,DG
638.562,0.694,627.053,1.921,-33.306,-3.042,-31.416,-2.87,654.851,1094.692,439.841,62.508,9,-6.24,-1361.439,1150.389,-359.753,2.84,48.276,357.349,856.569,0.166,-37.553,-86.329,-16.67,-29.519,5,-18.575,248,53,10.461,-32.706,0,-1.356,2.231,68.195,91.034,0.679,-1.291,-33.558,-1.418,-38.294,0,1bzq_3_0001,-10.17
-751.911,0.728,664.629,-3.046,-44.252,-3.957,-37.865,-3.386,629.779,1118.438,488.659,-39.682,7,-5.026,-1453.191,323.708,-432.57,2.43,50.141,152.126,852.369,0.239,-60.346,-86.127,-43.956,-60.36,7,-34.959,251,56,8.604,-60.265,0,-3.255,1.665,-23.403,117.25,0.727,-3.247,-100.654,-3.266,-81.642,0,1op9_3_0001_0001,-12.17
-790.88,0.755,721.587,-3.133,-45.522,-3.145,-42.749,-2.953,552.034,1447.481,895.447,-42.027,12,-7.476,-1442.444,276.328,-441.52,2.407,45.958,153.618,862.877,0.312,-63.626,-80.705,-46.879,-69.748,10,-33.615,253,62,8.561,-61.044,0,-3.132,0.532,-24.303,130.199,0.678,-3.378,-94.596,-2.929,-99.576,0,1ri8_3_0001_0001,-11.65
-735.45,0.695,886.831,-2.934,-45.323,-2.747,-39.445,-2.391,726.615,1649.888,923.272,-35.592,5,-7.224,-1425.598,272.301,-403.255,2.39,47.978,154.247,842.93,0.348,-55.377,-78.867,-46.738,-66.961,10,-39.974,252,64,13.721,-56.891,0,-2.857,0.515,-13.582,124.936,0.693,-3.138,-97.279,-2.593,-85.565,0,1rjc_3_0001_0001,-13.8
-731.468,0.759,833.826,-2.971,-50.956,-3.416,-47.993,-3.218,615.13,1491.459,876.329,-42.808,7,-5.513,-1435.301,298.627,-425.086,2.545,46.408,155.285,854.601,0.313,-51.368,-85.446,-47.631,-64.913,14,-34.722,248,62,7.021,-55.294,0,-3.351,0.534,-15.811,124.596,0.754,-3.1,-83.695,-3.546,-124.098,0,1zv5_3_0001_0001,-10.91
-721.251,0.779,649.556,-2.899,-33.044,-2.936,-30.066,-2.672,607.863,1125.301,517.438,-27.454,9,-5.092,-1479.186,289.084,-398.355,2.873,49.614,174.451,854.362,0.244,-49.753,-84.761,-41.706,-64.037,6,-34.695,251,47,12.593,-56.336,0,-2.952,0.878,-16.75,125.565,0.796,-3.212,-83.508,-2.63,-55.223,0,1zvh_3_0001_0001,-8.9
-574.084,0.719,640.791,-2.593,-34.169,-3.182,-26.32,-2.451,640.586,1073.663,433.077,-8.113,10,-1.113,-1193.662,312.596,-344.583,2.059,39.154,125.928,644.447,0.307,-28.793,-120.933,-17.862,-22.603,7,-26.219,229,42,19.099,-70.189,0,-3.04,1.18,7.843,99.566,0.781,-3.554,-71.085,-2.572,-56.59,0,2bse_3_0001_0001,-12.08
-1115.485,0.768,749.335,-3.169,-51.521,-3.867,-47.693,-3.58,772.054,1332.225,560.171,-45.407,3,-0.961,-2020.068,454.67,-664.998,3.545,68.888,206.414,1175.319,0.222,-68.741,-186.144,-70.719,-43.335,7,-34.987,354,59,35.539,-83.148,0,-3.7,1.832,7.711,103.698,0.767,-4.044,-137.486,-3.233,-80.818,0,3g9a_3_0001_0001,-12.75
-921.692,0.658,801.782,-2.762,-41.07,-3.102,-30.42,-2.297,655.389,1324.062,668.672,-29.348,14,-0.813,-1873.894,467.873,-606.569,3.559,68.064,194.017,1111.776,0.459,-63.913,-170.433,-62.183,-36.326,14,-35.837,335,57,54.022,-77.51,0,-2.966,12.233,23.172,71.07,0.697,-3.137,-78.421,-2.832,-90.623,0,3k1k_3_0001_0001,-12.59
-812.45,0.641,705.401,-2.975,-41.282,-3.324,-39.845,-3.208,660.526,1241.863,581.338,-38.091,5,0.292,-1545.963,357.719,-451.401,2.695,52.6,165.286,841.286,0.158,-48.208,-114.389,-35.222,-52.129,6,-29.791,274,59,23.272,-74.081,0,-2.975,3.279,-6.553,98.855,0.671,-2.894,-75.25,-3.039,-100.296,0,3k74_3_0001_0001,-10.19
-1545.483,0.553,1098.165,-3.167,-50.145,-3.009,-46.442,-2.787,923.433,1666.525,743.092,-46.731,9,-4.396,-2807.966,551.962,-782.346,4.64,81.223,309.077,1487.394,0.29,-120.972,-201.486,-67.888,-81.605,10,-58.962,489,77,49.253,-119.182,0,-3.503,5.264,-9.756,220.262,0.544,-3.764,-150.556,-3.221,-119.194,0,3zkq_3_0001_0001,-12.17
-1271.377,0.704,615.707,-2.941,-33.92,-2.843,-32.423,-2.718,471.391,1193.074,721.683,-29.261,10,1.363,-2526.872,585.522,-721.868,3.871,88.228,241.124,1491.194,0.293,-96.607,-119.271,-64.146,-128.069,8,-65.329,435,42,29.843,-99.582,0,-2.531,4.126,-18.487,123.583,0.686,-3.269,-68.653,-1.793,-37.661,0,4c57_3_0001_0001,-9.85
-1128.923,0.758,616.556,-2.957,-38.998,-3.452,-34.377,-3.043,515.416,1129.773,614.357,-32.876,7,-1.469,-2175.011,493.841,-620.172,3.935,77.291,212.824,1229.861,0.32,-90.699,-118.115,-51.002,-101.218,10,-51.818,383,42,37.015,-87.798,0,-3.119,3.381,-17.816,128.047,0.756,-3.611,-86.654,-2.465,-44.364,0,4c59_3_0001_0001,-10.9
-869.303,0.665,1095.7,-3.167,-62.982,-3.375,-57.927,-3.104,1023.826,1865.965,842.139,-53.332,7,-0.437,-1564.869,346.471,-457.965,2.802,53.524,164.258,844.483,0.169,-50.629,-115.086,-39.213,-50.775,12,-30.522,276,78,20.26,-72.785,0,-3.11,1.793,-14.797,94.183,0.652,-3.078,-126.195,-3.146,-116.391,0,4eig_3_0001_0001,-12.28
-889.507,0.73,618.467,-3.119,-47.293,-4.517,-42,-4.011,574.393,1047.057,472.664,-40.737,2,-0.657,-1620.081,352.448,-493.138,2.881,53.735,176.344,923.42,0.298,-52.748,-113.704,-56.042,-55.703,10,-29.111,286,50,17.323,-74.652,0,-3.194,1.492,-13.873,92.56,0.738,-3.864,-100.471,-2.467,-59.216,0,4eiz_3_0001_0001,-11.63
-747.93,0.651,835.366,-2.922,-39.749,-3.101,-35.603,-2.777,746.715,1281.872,535.157,-32.311,7,-4.925,-1497.221,308.585,-432.584,2.458,50.235,163.563,877.05,0.175,-55.62,-88.228,-36.207,-63.525,6,-34.738,257,61,21.579,-56.108,0,-3.263,0.672,-23.662,120.746,0.633,-3.554,-120.838,-2.896,-78.196,0,4i0c_3_0001_0001,-10.17
-1452.552,0.677,1560.23,-2.564,-76.07,-3.097,-60.59,-2.466,1652.289,2456.527,804.238,-46.759,8,-3.602,-3463.71,727.041,-1001.056,7.291,108.18,370.316,2062.623,0.087,-73.161,-88.898,-82.222,-302.994,5,-96.038,574,86,49.791,-82.582,0,-2.26,1.911,50.727,363.83,0.686,-2.377,-114.1,-2.113,-80.285,0,4lde_3_0001_0001,-11.18
-980.883,0.71,1048.785,-2.665,-60.969,-3.256,-47.661,-2.545,1073.913,1872.69,798.777,-38.514,11,-1.97,-2222.883,485.47,-588.491,4.157,73.192,246.325,1258.18,0.288,-61.186,-106.107,-52.934,-110.619,12,-51.185,377,74,30.803,-84.876,0,-1.849,3.017,39.525,158.698,0.721,-2.719,-108.775,-0.824,-28.029,0,4lgp_3_0001_0001,-13.15
-1175.546,0.785,902.758,-3.139,-55.139,-3.875,-52.184,-3.667,745.75,1422.881,677.131,-50.817,4,0,-2229.326,446.339,-631.397,3.983,71.162,232.524,1265.252,0.22,-69.38,-114.09,-68.844,-111.551,11,-51.752,375,54,24.644,-83.704,0,-3.581,1.019,-12.588,152.163,0.786,-3.623,-94.206,-3.543,-99.193,0,4lgr_3_0001_0001,-13.59
-1148.863,0.768,621.802,-2.945,-49.705,-4.519,-47.552,-4.323,644.504,1099.916,455.412,-43.307,3,-0.466,-2319.703,488.473,-644.046,4.465,76.88,257.78,1322.355,0.18,-72.904,-119.016,-63.213,-112.392,7,-50.063,392,47,32.812,-93.18,0,-3.238,2.6,-10.461,151.219,0.776,-3.671,-88.101,-2.787,-64.092,0,4lgs_3_0001_0001,-13.4
-1092.532,0.62,253.211,-2.897,-16.86,-2.15,-14.088,-1.797,500.478,784.12,283.642,-12.419,1,-0.988,-2168.509,474.225,-622.535,4.172,72.894,233.403,1226.359,0.173,-70.097,-118.007,-50.783,-114.202,2,-53.377,378,35,36.896,-83.117,0,-1.693,5.481,-8.97,144.622,0.686,-2.078,-41.558,-1.181,-17.708,0,4lhj_3_0001_0001,-12.26
-999.393,0.803,635.048,-2.603,-42.758,-3.813,-42.043,-3.749,628.704,1121.457,492.753,-34.018,5,0,-2271.301,513.212,-607.251,4.482,71.398,265.373,1304.229,0.158,-61.848,-118.464,-51.7,-110.698,5,-52.737,388,48,38.733,-86.643,0,-2.4,3.381,6.045,154.397,0.794,-3.27,-78.479,-1.531,-36.739,0,4lhq_3_0001_0001,-11.4
-849.159,0.623,785.537,-3.2,-38.724,-2.767,-34.514,-2.467,706.836,1399.243,692.406,-34.583,6,-0.284,-1465.514,318.639,-418.438,2.378,46.687,149.774,774.165,0.271,-56.685,-113.049,-33.694,-33.678,8,-35.998,266,64,20.591,-86.38,0,-3.287,1.315,-22.845,103.857,0.609,-3.657,-124.34,-2.867,-86.023,0,4nbx_3_0001_0001,-11.87
-802.844,0.788,653.487,-3.022,-45.8,-4.299,-41.23,-3.87,633.214,1065.41,432.196,-37.746,7,-0.659,-1446.863,320.726,-402.458,2.585,47.271,150.882,771.133,0.239,-51.932,-109.781,-32.543,-41.45,7,-38.638,268,44,19.612,-79.17,0,-3.575,0.915,-12.043,99.569,0.79,-4.029,-80.586,-3.197,-76.725,0,4nbz_3_0001_0001,-10.81
-804.224,0.679,1707.561,-2.8,0,0,-41.079,-2.91,956.004,1411.427,455.424,-60.791,5,0,-1646.594,408.867,-486.466,3.289,57.638,172.81,941.569,0.158,-65.577,-106.012,-47.958,-56.933,5,-33.278,173,44,28.804,-71.66,0,-3.037,1.615,-10.041,105.703,0.775,-3.412,-75.068,-2.662,-58.56,0,4orz_3_0001_0001,-10.11
-954.677,0.789,544.278,-2.943,-33.266,-3.326,-31.741,-3.173,442.618,1000.229,557.611,-27.235,5,-0.61,-1782.642,389.615,-527.836,3.01,56.201,185.217,1056.735,0.232,-85.582,-138.005,-53.992,-40.025,5,-43.858,326,63,24.23,-94.727,0,-3.117,2.31,-23.125,118.407,0.793,-3.482,-107.928,-2.763,-88.431,0,4qo1_3_0001_0001,-7.53
-645.205,0.746,705.427,-2.855,-44.553,-3.708,-40.616,-3.38,630.987,1201.659,570.672,-39.708,6,-2.05,-1227.699,296.25,-405.448,2.143,47.019,125.137,773.256,0.317,-56.504,-87.877,-45.996,-36.039,9,-28.354,228,47,16.96,-65.799,0,-3.147,2.856,-4.753,51.693,0.748,-3.681,-92.03,-2.54,-55.889,0,4s10_3_0001_0001,-12.28
-729.952,0.729,763.597,-2.827,-40.222,-3.036,-37.589,-2.837,685.183,1324.836,639.653,-31.789,9,-0.463,-1443.702,328.633,-431.57,2.553,42.395,157.088,805.405,0.168,-49.383,-137.91,-26.734,-28.819,5,-33.666,265,66,27.881,-67.417,0,-2.656,3.384,6.606,115.767,0.697,-2.509,-87.83,-2.821,-87.436,0,4w6w_3_0001_0001,-11.52
-743.079,0.73,822.794,-2.836,-51.94,-3.886,-43.02,-3.218,706.636,1336.647,630.01,-32.385,10,-2.282,-1471.149,326.649,-418.466,2.562,44.232,158.137,804.763,0.394,-49.006,-134.662,-38.006,-24.984,13,-31.06,267,64,37.772,-68.024,0,-2.824,3.668,2.973,113.806,0.7,-2.668,-98.721,-3.037,-81.991,0,4w6x_3_0001_0001,-11.3
-805.319,0.752,745.962,-2.91,-36.948,-2.704,-19.804,-1.45,706.059,1366.212,660.153,-33.987,12,-4.602,-1496.446,324.671,-452.913,2.546,46.243,153.633,855.728,0.376,-49.447,-141.726,-49.853,-25.787,7,-35.365,274,58,26.414,-70.542,0,-2.356,2.614,-3.533,113.046,0.626,-2.574,-74.654,-2.139,-62.021,0,4w6y_3_0001_0001,-12
-1090.497,0.69,922.745,-2.985,-48.404,-3.099,-45.103,-2.888,897.451,1561.721,664.269,-41.576,6,-0.961,-2046.493,420.103,-609.066,3.953,62.116,205.749,1110.611,0.166,-75.231,-182.125,-41.325,-44.03,6,-41.853,369,66,38.38,-98.607,0,-3.286,2.433,29.284,176.564,0.689,-3.561,-138.879,-2.888,-77.973,0,4wem_3_0001_0001,-7.05
-1085.22,0.789,732.775,-2.92,-43.789,-3.212,-40.02,-2.936,754.897,1363.224,608.328,-36.55,6,-0.884,-2037.864,398.805,-611.433,3.512,60.959,214.085,1116.91,0.219,-78.018,-173.342,-38.69,-47.634,8,-47.481,374,61,42.874,-95.443,0,-3.089,4.338,20.52,183.565,0.79,-3.3,-115.511,-2.805,-72.934,0,4wen_3_0001_0001,-9.55
-962.458,0.598,590.428,-2.81,-30.822,-3.095,-26.859,-2.697,535.518,995.98,460.462,-23.59,10,-0.303,-1895.337,391.686,-545.669,3.484,56.719,199.935,1015.065,0.293,-62.678,-165.11,-39.887,-46.089,7,-36.465,344,47,53.148,-84.768,0,-2.481,1.87,40.188,151.752,0.598,-3.077,-70.768,-1.911,-45.859,0,4weu_3_0001_0001,-7.15
-1319.91,0.707,1168.291,-3.149,-62.847,-3.288,-54.034,-2.827,1079.271,1911.385,832.113,-48.551,10,-0.439,-2379.33,495.177,-670.478,4.194,79.899,247.877,1325.347,0.209,-121.349,-159.345,-77.36,-49.77,9,-47.872,421,74,38.571,-121.684,0,-3.124,4.381,-23.946,136.219,0.708,-3.477,-125.161,-2.789,-105.992,0,4x7f_3_0001_0001,-11.1
-1177.89,0.69,1252.277,-3.163,-69.656,-3.364,-58.023,-2.802,985.885,2070.865,1084.98,-56.565,26,-6.942,-2168.949,448.688,-668.781,3.353,66.967,213.788,1268.807,0.392,-83.503,-157.979,-62.412,-54.213,19,-52.994,373,89,34.592,-97.138,0,-3.195,0.891,-14.894,152.827,0.701,-3.277,-199.867,-3.016,-84.45,0,5hgg_3_0001_0001,-14.01
-1411.665,0.716,1103.87,-2.919,-62.196,-2.991,-49.789,-2.395,1031.615,2079.164,1047.549,-34.577,8,-3.63,-2975.039,680.964,-865.297,4.364,94.984,296.974,1744.496,0.394,-95.442,-143.038,-99.403,-147.942,15,-65.118,490,81,39.149,-103.123,0,-2.99,1.468,28.253,195.716,0.672,-3.014,-135.625,-2.96,-106.556,0,5hvf_3_0001_0001,-14.05
-781.933,0.724,891.393,-3.227,-55.39,-3.564,-44.919,-2.89,721.049,1554.318,833.269,-43.235,12,-2.194,-1373.894,301.739,-446.566,2.347,45.623,143.507,792.922,0.295,-51.948,-123.371,-44.736,-28.679,12,-26.136,243,51,18.836,-60.161,0,-3.15,0.301,-5.525,76.001,0.656,-3.619,-104.95,-2.531,-55.691,0,5imk_3_0001_0001,-8.28
-1159.999,0.693,799.749,-3.052,-47.628,-3.208,-41.502,-2.795,820.752,1484.674,663.921,-33.004,4,0,-2286.056,482.327,-655.431,4.295,76.033,247.349,1323.175,0.325,-74.171,-116.094,-65.196,-117.155,11,-55.459,383,59,32.517,-84.813,0,-2.974,3.462,-18.28,143.498,0.679,-2.708,-94.763,-3.363,-80.714,0,5j56_3_0001_0001,-11.59
-1186.908,0.746,652.224,-3.068,-50.041,-4.111,-42.537,-3.495,564.083,1217.229,653.146,-44.561,5,-1.475,-2265.276,449.8,-636.258,4.051,73.657,242.852,1281.627,0.363,-74.62,-112.276,-73.333,-115.641,12,-52.34,388,45,26.115,-84.321,0,-2.996,1.701,-7.255,156.084,0.744,-3.155,-72.575,-2.83,-62.255,0,5j57_3_0001_0001,-14.6