total_score,Sc,Sc_int_area,complex_normalized,dG_cross,dG_cross/dSASAx100,dG_separated,dG_separated/dSASAx100,dSASA_hphobic,dSASA_int,dSASA_polar,ddg,delta_unsatHbonds,dslf_fa13,fa_atr,fa_dun,fa_elec,fa_intra_rep,fa_intra_sol_xover4,fa_rep,fa_sol,hbond_E_fraction,hbond_bb_sc,hbond_lr_bb,hbond_sc,hbond_sr_bb,hbonds_int,lk_ball_wtd,nres_all,nres_int,omega,p_aa_pp,packstat,per_residue_energy_int,pro_close,rama_prepro,ref,sc_value,side1_normalized,side1_score,side2_normalized,side2_score,yhh_planarity,description
-488.42400000000004,0.721,1128.7160000000001,-2.8289999999999997,-58.87,-3.201,-53.151,-2.89,1324.3310000000001,1839.03,514.6990000000001,-41.898,2.0,0.0,-1118.944,249.891,-312.275,1.944,40.181,115.04,669.069,0.127,-21.737,-2.287,-25.759,-119.67200000000001,5.0,-34.611999999999995,179.0,60.0,13.558,-27.421999999999997,0.0,-3.1910000000000003,4.896,7.222,72.484,0.708,-3.907,-152.364,-1.861,-39.071999999999996,0.0,2wh6_prepared_0001_0001_0001
-604.136,0.682,901.763,-3.125,-59.718999999999994,-4.272,-56.461000000000006,-4.039,826.337,1398.016,571.678,-54.111000000000004,8.0,0.0,-1010.298,201.94099999999997,-307.79,1.784,31.458000000000002,110.74700000000001,534.113,0.196,-24.768,-105.161,-27.334,-23.774,9.0,-18.055999999999997,196.0,68.0,15.243,-60.11,0.0,-3.806,2.005,-0.703,76.567,0.687,-3.7569999999999997,-135.266,-3.86,-123.535,0.0,2wp3_prepared_0001_0001_0001
-220.31599999999997,0.737,627.118,-2.3209999999999997,-33.76,-2.795,-21.491999999999997,-1.7790000000000001,789.2360000000001,1207.869,418.63300000000004,-28.829,4.0,0.0,-548.43,139.955,-129.036,0.934,21.936999999999998,49.128,366.034,0.24,-2.803,-1.733,-10.732000000000001,-68.866,3.0,-20.574,93.0,42.0,8.016,-8.719,0.0,-2.705,0.077,-15.104000000000001,-0.401,0.603,-2.761,-57.986000000000004,-2.6489999999999996,-55.63399999999999,0.0,3v1c_prepared_0001_0001_0001
-1223.512,0.772,1489.648,-3.082,0.0,0.0,-80.619,-3.0189999999999997,1521.3229999999999,2670.289,1148.9660000000001,-77.936,10.0,-3.4019999999999997,-2345.089,551.3,-711.1239999999999,4.377,86.15799999999999,248.533,1434.5829999999999,0.23399999999999999,-87.63,-149.389,-89.36200000000001,-91.13600000000001,16.0,-57.496,375.0,96.0,35.333,-74.675,0.0,-3.674,1.777,-17.994,41.724,0.7559999999999999,-3.96,-225.703,-3.2569999999999997,-127.02,0.0,3vfn_prepared_0001_0001_0001
-2133.647,0.69,1875.7060000000001,-3.089,-107.35600000000001,-3.3819999999999997,-98.89,-3.115,1650.693,3174.69,1523.996,-89.572,16.0,-2.427,-4093.179,822.4019999999999,-1210.745,5.721,126.052,396.77,2566.958,0.252,-244.923,-221.578,-120.594,-149.289,22.0,-103.885,696.0,143.0,69.94,-167.791,0.0,-3.34,4.088,-16.901,205.735,0.685,-3.2880000000000003,-315.619,-3.446,-161.94899999999998,0.0,3wqb_prepared_0001_0001_0001
-1237.759,0.7170000000000001,1075.039,-3.1630000000000003,-59.174,-3.14,-54.2,-2.8760000000000003,1307.88,1884.2779999999998,576.398,-52.75899999999999,9.0,0.0,-2431.4770000000003,483.51199999999994,-659.4780000000001,4.232,80.395,256.455,1422.7279999999998,0.10300000000000001,-57.99100000000001,-82.45,-64.053,-162.655,5.0,-66.928,394.0,63.0,26.546,-78.609,0.0,-2.972,1.1420000000000001,-29.75,120.62100000000001,0.716,-3.2739999999999996,-117.85,-2.57,-69.387,0.0,4b1y_prepared_0001_0001_0001
-1916.1729999999998,0.575,737.7239999999999,-3.24,-37.815,-2.657,-35.599000000000004,-2.501,957.2230000000001,1423.121,465.898,-34.522,4.0,0.0,-3796.135,775.648,-1068.493,6.21,127.94200000000001,374.881,2260.06,0.16899999999999998,-151.855,-104.48899999999999,-113.366,-224.479,5.0,-107.566,594.0,57.0,63.188,-121.70100000000001,0.0,-2.391,2.988,-18.776,179.77200000000002,0.5579999999999999,-1.903,-68.523,-3.228,-67.78399999999999,0.0,4cj0_prepared_0001_0001_0001
-560.771,0.691,991.903,-2.9760000000000004,-53.586999999999996,-3.1060000000000003,-48.022,-2.784,979.9019999999999,1725.031,745.13,-44.745,13.0,-4.938,-1127.0839999999998,239.502,-323.164,1.901,40.93,115.008,684.086,0.218,-34.178000000000004,-41.468,-39.467,-69.625,10.0,-34.52,191.0,62.0,16.35,-43.05,0.0,-2.9960000000000004,0.5660000000000001,-21.211,79.59100000000001,0.6920000000000001,-2.713,-84.096,-3.278,-101.631,0.0,4cj2_prepared_0001_0001_0001
-1018.4,0.7240000000000001,1037.508,-3.136,-58.215,-3.217,-49.354,-2.727,1084.18,1809.829,725.648,-51.975,5.0,0.0,-1926.2679999999998,386.415,-557.5930000000001,2.9419999999999997,68.235,201.683,1148.109,0.18100000000000002,-49.545,-16.145,-44.325,-186.457,7.0,-60.74,325.0,55.0,21.394000000000002,-77.222,0.0,-3.37,0.7120000000000001,-41.598,112.00299999999999,0.7240000000000001,-3.38,-91.262,-3.361,-94.10799999999999,0.0,4k5a_prepared_0001_0001_0001
-754.196,0.6829999999999999,1585.116,-2.8510000000000004,-74.76,-2.708,-67.65899999999999,-2.451,1525.546,2760.8959999999997,1235.35,-56.653,28.0,-2.057,-1678.7220000000002,311.017,-381.134,2.677,55.232,156.148,1048.454,0.293,-50.111999999999995,-48.571999999999996,-43.288000000000004,-108.161,16.0,-49.345,269.0,125.0,31.563000000000002,-56.931999999999995,0.0,-2.699,1.3,-9.719,67.456,0.684,-2.614,-180.35,-2.805,-157.065,0.0,4kt3_prepared_0001_0001_0001
-504.806,0.815,1786.815,-2.815,-117.51700000000001,-3.9419999999999997,-112.579,-3.7760000000000002,2126.423,2981.401,854.9780000000001,-110.985,9.0,0.0,-1102.5330000000001,241.96200000000002,-286.064,2.008,42.254,100.185,747.079,0.127,-51.396,-10.325999999999999,-25.835,-93.848,14.0,-28.123,182.0,88.0,13.747,-43.207,0.0,-3.3680000000000003,0.639,-22.91,11.561,0.812,-3.278,-190.104,-3.543,-106.29899999999999,0.0,4lzx_prepared_0001_0001_0001
-1264.903,0.7809999999999999,998.3589999999999,-3.241,-79.958,-3.859,-76.471,-3.6910000000000003,1227.438,2071.889,844.451,-69.809,3.0,0.0,-2301.9610000000002,497.63699999999994,-698.503,3.682,71.706,217.012,1337.851,0.281,-91.89200000000001,-135.329,-56.809,-105.949,16.0,-59.897,393.0,88.0,29.915,-86.26299999999999,0.0,-3.2969999999999997,1.7990000000000002,-30.393,142.491,0.7809999999999999,-3.2539999999999996,-185.459,-3.3760000000000003,-104.666,0.0,4m0w_prepared_0001_0001_0001
-352.392,0.74,484.676,-2.8489999999999998,-41.343999999999994,-4.609,-39.416,-4.394,425.894,897.09,471.19599999999997,-39.878,2.0,0.0,-723.315,159.541,-200.519,1.347,27.646,72.008,427.91,0.225,-15.383,-7.391,-15.349,-70.2,8.0,-23.494,124.0,31.0,9.389,-20.908,0.0,-3.659,0.159,2.6660000000000004,23.500999999999998,0.735,-2.535,-35.489000000000004,-4.585,-77.94,0.0,4nl9_prepared_0001_0001_0001
-653.84,0.696,958.7610000000001,-2.728,-62.595,-3.859,-52.148,-3.215,853.945,1622.0320000000002,768.087,-44.065,12.0,-8.088,-1458.5379999999998,283.527,-340.37800000000004,2.3819999999999997,43.673,130.424,897.289,0.424,-65.152,-69.194,-22.070999999999998,-70.914,18.0,-31.611,243.0,69.0,20.11,-53.367,0.0,-2.9410000000000003,1.195,-11.100999999999999,97.973,0.711,-2.795,-78.253,-3.042,-124.706,0.0,4pj2_prepared_0001_0001_0001
-1133.397,0.6709999999999999,2269.3160000000003,-3.0580000000000003,-106.01100000000001,-2.943,-79.732,-2.213,1725.059,3602.28,1877.221,-75.22399999999999,20.0,0.0,-2353.476,497.6,-589.895,4.0489999999999995,83.32700000000001,220.787,1491.0510000000002,0.424,-80.67399999999999,-98.837,-87.115,-104.314,28.0,-54.731,374.0,127.0,29.629,-97.89200000000001,0.0,-2.6630000000000003,2.667,-60.391999999999996,64.819,0.6709999999999999,-2.7430000000000003,-186.50799999999998,-2.571,-151.679,0.0,4qlp_prepared_0001_0001_0001
-632.474,0.51,137.753,-2.972,-7.141,-1.5619999999999998,-5.2589999999999995,-1.15,159.816,457.287,297.471,-4.438,2.0,0.0,-1177.82,259.918,-333.983,2.503,39.875,122.806,651.952,0.67,-38.111999999999995,-80.12,-20.738000000000003,-45.434,3.0,-33.008,217.0,21.0,15.738,-57.553999999999995,0.0,-2.6210000000000004,1.402,-28.261,88.361,0.401,-3.0410000000000004,-27.366,-2.307,-27.680999999999997,0.0,4uyp_prepared_0001_0001_0001
-1138.641,0.711,2079.734,-3.2439999999999998,-117.041,-3.201,-102.979,-2.8160000000000003,1992.954,3656.867,1663.9129999999998,-95.133,21.0,0.0,-2258.387,454.38,-714.692,3.5410000000000004,75.142,202.325,1509.852,0.304,-41.45399999999999,-9.716000000000001,-54.762,-272.945,26.0,-78.922,355.0,132.0,34.855,-44.756,0.0,-3.318,0.5489999999999999,-41.397,97.74600000000001,0.7140000000000001,-3.573,-385.846,-2.171,-52.111000000000004,0.0,4wnd_prepared_0001_0001_0001
-1199.526,-1.0,-1.0,-3.137,-57.51,-3.4419999999999997,-50.416000000000004,-3.0180000000000002,827.327,1670.672,843.345,-49.59,4.0,0.0,-2240.5879999999997,486.185,-614.043,3.366,81.17399999999999,198.579,1222.204,0.253,-104.08200000000001,-160.298,-61.71,-46.681999999999995,10.0,-53.797,385.0,68.0,19.869,-100.708,0.0,-2.343,2.67,8.884,159.452,0.718,-3.484,-76.653,-1.796,-82.639,0.0,4x33_prepared_0001_0001_0001
-1032.723,0.759,1491.037,-3.1889999999999996,-98.705,-3.426,-89.23700000000001,-3.0980000000000003,1738.2920000000001,2880.895,1142.603,-81.486,7.0,0.0,-1983.7679999999998,435.147,-554.5219999999999,3.844,72.699,199.09599999999998,1170.448,0.177,-74.086,-73.27,-37.618,-116.78200000000001,14.0,-60.336000000000006,327.0,90.0,19.17,-60.318999999999996,0.0,-3.5210000000000004,1.973,-28.296,53.898,0.7609999999999999,-4.1,-254.226,-2.238,-62.653,0.0,4yl8_prepared_0001_0001_0001
-1177.7160000000001,0.799,1070.388,-3.167,-73.10600000000001,-4.004,-70.813,-3.878,1061.472,1825.977,764.505,-65.607,3.0,-2.023,-2239.762,448.93199999999996,-618.3480000000001,4.13,67.626,236.91299999999998,1245.295,0.19699999999999998,-71.294,-103.329,-62.825,-120.34299999999999,10.0,-58.994,374.0,75.0,28.363000000000003,-86.90899999999999,0.0,-3.26,2.5860000000000003,-7.912999999999999,160.178,0.8009999999999999,-3.6510000000000002,-153.359,-2.762,-91.15100000000001,0.0,4z99k_prepared_0001_0001_0001
-314.518,-1.0,-1.0,-2.2430000000000003,0.0,0.0,-42.111000000000004,-3.065,679.3530000000001,1373.993,694.64,-43.79600000000001,8.0,0.0,-757.073,182.74900000000002,-234.21,1.28,26.927,78.206,500.616,0.174,-31.081,-21.368000000000002,-31.872,-28.517,10.0,-17.963,132.0,48.0,8.392000000000001,-26.445,0.0,-2.575,0.674,-6.251,41.418,0.7290000000000001,-2.544,-89.057,-2.656,-34.523,0.0,5b78_prepared_0001_0001_0001
-613.198,0.674,1069.698,-3.196,-51.943000000000005,-3.0589999999999997,-47.341,-2.7880000000000003,1048.469,1697.9720000000002,649.503,-47.305,6.0,0.0,-1067.229,204.639,-280.76599999999996,1.858,32.006,111.76799999999999,580.99,0.171,-41.883,-72.18,-22.92,-35.472,5.0,-31.026999999999997,192.0,69.0,16.146,-57.191,0.0,-3.528,2.623,-23.002,68.441,0.66,-3.625,-115.992,-3.443,-127.40799999999999,0.0,5dc4_prepared_0001_0001_0001
-627.3,0.745,1171.28,-3.112,-62.636,-3.397,-55.168,-2.992,1256.0839999999998,1844.027,587.943,-50.907,6.0,0.0,-1204.999,271.587,-367.465,2.06,46.038000000000004,113.686,769.76,0.08800000000000001,-51.92,-42.606,-31.89,-89.839,4.0,-34.469,203.0,69.0,19.023,-29.634,0.0,-3.4530000000000003,1.136,-17.57,19.803,0.745,-3.798,-132.933,-3.097,-105.31299999999999,0.0,5djt_prepared_0001_0001_0001
-803.029,0.852,683.0039999999999,-3.094,-52.918,-4.263999999999999,-45.193000000000005,-3.642,603.0459999999999,1240.924,637.879,-46.858999999999995,3.0,0.0,-1504.8529999999998,326.968,-442.365,2.765,48.836999999999996,153.569,849.49,0.27699999999999997,-31.44,-91.316,-51.961000000000006,-64.87899999999999,10.0,-34.9,260.0,48.0,21.768,-66.564,0.0,-3.779,0.502,-20.495,101.844,0.852,-3.2689999999999997,-55.578,-4.058,-125.80799999999999,0.0,5e95_prepared_0001_0001_0001
-177.498,-1.0,-1.0,-1.2919999999999998,0.0,0.0,-1.8130000000000002,-1.2209999999999999,105.311,148.553,43.242,-0.392,0.0,0.0,-435.726,107.583,-146.27200000000002,0.8390000000000001,18.752,32.38,335.134,-0.0,-3.076,-1.111,-5.7589999999999995,-67.139,0.0,-18.44,36.0,7.0,4.981,-8.673,0.0,-1.89,0.0,-5.204,14.232999999999999,0.0,-2.059,-12.355,-0.873,-0.873,0.0,5ep6_prepared_0001_0001_0001
-623.559,0.78,1600.315,-2.891,-104.37,-3.911,-97.29299999999999,-3.6460000000000004,1636.6029999999998,2668.759,1032.156,-91.823,10.0,0.0,-1275.35,251.298,-299.895,2.293,45.724,118.32799999999999,732.575,0.23,-45.107,-84.22,-26.131,-34.931,17.0,-31.759,218.0,97.0,19.975,-58.48,0.0,-3.3139999999999996,2.05,-7.477,67.548,0.782,-3.7230000000000003,-282.975,-1.83,-38.436,0.0,5h3j_prepared_0001_0001_0001
-1050.3010000000002,0.76,1650.9679999999998,-3.261,-100.01700000000001,-3.548,-93.25200000000001,-3.3080000000000003,1662.0,2818.735,1156.735,-87.31200000000001,10.0,0.0,-2071.8360000000002,439.385,-587.9019999999999,3.637,68.169,225.429,1152.104,0.18,-77.66,-84.561,-44.431999999999995,-109.896,16.0,-43.435,326.0,97.0,32.882,-72.623,0.0,-3.388,1.2429999999999999,17.396,101.79899999999999,0.7490000000000001,-3.8480000000000003,-246.303,-2.496,-82.36399999999999,0.0,5inb_prepared_0001_0001_0001
-1656.85,0.7120000000000001,1995.88,-3.222,-89.20100000000001,-2.583,-80.956,-2.345,2125.732,3452.8979999999997,1327.165,-75.306,9.0,0.0,-3311.2,689.3939999999999,-809.2280000000001,5.403,107.406,333.25199999999995,1879.741,0.08800000000000001,-125.587,-143.257,-62.096000000000004,-175.153,8.0,-73.69,521.0,137.0,51.222,-134.637,0.0,-3.1310000000000002,1.8259999999999998,-35.366,145.12,0.71,-3.219,-215.687,-3.0469999999999997,-213.27200000000002,0.0,5ma4_prepared_0001_0001_0001
-752.81,0.6940000000000001,1253.384,-3.074,-72.955,-3.338,-67.217,-3.075,1203.692,2185.841,982.148,-67.15,9.0,0.0,-1458.316,306.578,-428.064,2.713,47.097,149.866,903.543,0.221,-48.056000000000004,-45.613,-42.185,-99.07700000000001,13.0,-42.2,245.0,75.0,19.52,-48.63399999999999,0.0,-3.3560000000000003,1.2329999999999999,-29.815,58.6,0.6940000000000001,-3.397,-135.888,-3.3080000000000003,-115.781,0.0,5nt7_prepared_0001_0001_0001
-444.811,0.78,940.0360000000001,-2.825,-64.756,-4.249,-60.717,-3.984,982.821,1524.101,541.28,-57.556999999999995,1.0,0.0,-1053.004,194.15599999999998,-235.18599999999998,2.201,34.224000000000004,102.973,625.116,0.172,-15.014000000000001,-2.195,-24.697,-103.62700000000001,9.0,-32.37,160.0,58.0,12.319,-15.24,0.0,-3.159,0.596,-1.199,66.137,0.782,-3.41,-136.406,-2.5989999999999998,-46.788000000000004,0.0,5tzp_prepared_0001_0001_0001
-783.659,-1.0,-1.0,-3.2569999999999997,-74.031,-3.5060000000000002,-63.058,-2.986,1349.8729999999998,2111.448,761.576,-61.909,9.0,0.0,-1560.259,332.286,-388.148,2.773,51.345,141.89,905.0139999999999,0.15,-49.919,-58.038000000000004,-44.468,-74.391,9.0,-36.055,241.0,78.0,26.961,-55.394,0.0,-3.198,1.1079999999999999,-31.205,52.841,0.779,-3.1,-151.882,-3.364,-97.55799999999999,0.0,5v5h_prepared_0001_0001_0001
-529.387,0.763,893.1289999999999,-2.833,-55.42,-4.021,-49.888999999999996,-3.62,805.605,1378.114,572.509,-44.254,2.0,-1.32,-1126.933,286.756,-367.80300000000005,2.0469999999999997,45.818000000000005,108.709,726.424,0.26,-40.79,-46.448,-47.367,-61.068000000000005,10.0,-22.771,189.0,43.0,21.401999999999997,-34.032,0.0,-2.9610000000000003,0.799,-17.882,45.071000000000005,0.762,-3.221,-90.19,-2.474,-37.114000000000004,0.0,5xco_prepared_0001_0001_0001
-657.187,0.7090000000000001,675.682,-2.7889999999999997,-42.562,-3.29,-37.71,-2.915,673.077,1293.562,620.485,-37.211999999999996,5.0,0.0,-1340.473,294.867,-380.833,2.5140000000000002,46.733999999999995,143.944,782.704,0.247,-46.701,-48.015,-28.154,-76.916,8.0,-33.779,237.0,48.0,19.000999999999998,-42.883,0.0,-2.701,1.534,-16.29,65.559,0.713,-2.9739999999999998,-68.404,-2.449,-61.236000000000004,0.0,5ywr_prepared_0001_0001_0001
-3286.909,0.6970000000000001,3861.342,-3.179,-213.149,-3.5210000000000004,-185.01,-3.056,3984.658,6053.138000000001,2068.48,-181.653,27.0,0.0,-6694.823,1233.494,-1740.736,11.382,197.424,620.211,4031.315,0.205,-245.343,-254.21400000000003,-162.204,-388.059,31.0,-122.65899999999999,1035.0,222.0,110.029,-219.988,0.0,-3.342,5.1339999999999995,-87.725,419.853,0.7020000000000001,-3.3139999999999996,-367.82599999999996,-3.37,-374.031,0.0,6b6u_prepared_0001_0001_0001
-522.64,0.7979999999999999,1192.6660000000002,-3.056,-80.753,-3.975,-72.819,-3.585,1361.79,2031.422,669.632,-69.464,10.0,0.0,-1127.56,217.517,-290.39799999999997,2.03,34.645,107.275,710.582,0.15,-25.084,-6.848,-25.785999999999998,-114.12899999999999,10.0,-31.131,173.0,63.0,12.620999999999999,-29.994,0.0,-3.5269999999999997,0.377,-15.777999999999999,59.019,0.799,-3.9560000000000004,-166.16099999999997,-2.667,-56.00899999999999,0.0,6e3i_prepared_0001_0001_0001
-509.235,0.815,1185.381,-2.991,-78.85600000000001,-4.12,-71.407,-3.7310000000000003,1367.7089999999998,1914.013,546.304,-71.89399999999999,8.0,0.0,-1129.361,222.567,-278.718,2.033,33.925,109.77,703.1610000000001,0.11800000000000001,-19.521,-6.596,-23.914,-114.325,8.0,-33.535,173.0,62.0,12.870999999999999,-28.641,0.0,-3.4730000000000003,0.135,-16.445,57.358999999999995,0.8109999999999999,-3.9189999999999996,-160.666,-2.603,-54.672,0.0,6e3j_prepared_0001_0001_0001
-679.5160000000001,0.679,699.538,-3.031,-43.504,-3.2289999999999996,-40.578,-3.012,750.9110000000001,1347.319,596.408,-34.385999999999996,2.0,-2.383,-1312.497,302.26099999999997,-390.371,2.213,47.548,128.656,786.83,0.215,-47.727,-67.109,-32.787,-67.281,6.0,-37.43,227.0,49.0,14.572000000000001,-56.33,0.0,-2.891,0.636,-18.355999999999998,70.03699999999999,0.6759999999999999,-3.395,-95.065,-2.22,-46.61,0.0,6her_prepared_0001_0001_0001
-801.153,0.7659999999999999,689.066,-3.167,-40.692,-2.915,-39.265,-2.813,680.205,1395.997,715.793,-34.708,4.0,-5.435,-1477.759,283.882,-455.626,2.301,46.84,146.227,892.592,0.201,-60.973,-82.62799999999999,-49.005,-70.101,7.0,-39.223,255.0,48.0,22.859,-58.047,0.0,-3.025,0.8290000000000001,-22.861,124.97399999999999,0.7509999999999999,-3.053,-67.173,-3.0010000000000003,-78.03399999999999,0.0,6jb2_prepared_0001_0001_0001
-514.5419999999999,0.7020000000000001,1155.058,-3.1860000000000004,-70.977,-3.41,-65.046,-3.125,1132.575,2081.65,949.076,-62.526,10.0,-1.5619999999999998,-901.806,201.394,-300.756,1.656,29.886999999999997,86.04299999999999,529.862,0.212,-30.909000000000002,-59.966,-25.237,-34.688,13.0,-22.024,163.0,68.0,15.092,-48.677,0.0,-3.657,1.649,-13.353,58.853,0.688,-3.793,-121.385,-3.536,-127.29799999999999,0.0,6fu9_prepared_0001_0001_0001
-516.283,0.672,1132.6680000000001,-2.995,-71.995,-3.562,-65.692,-3.25,1176.472,2021.025,844.553,-64.47,6.0,-1.5130000000000001,-923.194,212.957,-301.15,1.7169999999999999,32.352,86.23200000000001,543.729,0.24100000000000002,-31.201,-58.691,-23.497,-39.129,14.0,-25.363000000000003,174.0,70.0,13.042,-49.836999999999996,0.0,-3.701,2.949,-11.645,55.958,0.657,-3.641,-131.072,-3.764,-127.964,0.0,6fub_prepared_0001_0001_0001
-512.409,0.637,971.195,-3.27,-65.218,-3.562,-59.283,-3.238,1001.555,1830.922,829.367,-60.412,6.0,-1.5119999999999998,-882.773,185.99599999999998,-302.642,1.5859999999999999,30.226,86.346,519.558,0.267,-27.914,-60.523,-24.714000000000002,-35.135999999999996,14.0,-21.621,158.0,67.0,16.503,-44.776,0.0,-3.458,2.1109999999999998,-8.851,55.726000000000006,0.629,-3.377,-101.32,-3.523,-130.336,0.0,6fud_prepared_0001_0001_0001
-921.622,0.731,834.257,-2.845,-49.193999999999996,-3.737,-40.861,-3.1039999999999996,893.9739999999999,1316.499,422.525,-37.967,10.0,-2.376,-1780.531,400.462,-561.319,3.216,56.155,181.847,999.695,0.316,-80.178,-168.077,-45.434,-29.723000000000003,8.0,-36.621,325.0,58.0,34.894,-66.158,0.0,-2.595,1.411,46.123999999999995,124.992,0.737,-3.141,-125.624,-1.3840000000000001,-24.913,0.0,6j14_prepared_0001_0001_0001
-755.51,0.711,923.5039999999999,-3.113,-52.255,-3.395,-43.879,-2.8510000000000004,777.5930000000001,1539.056,761.462,-43.468999999999994,11.0,-2.1630000000000003,-1454.18,299.928,-387.806,2.497,45.61600000000001,138.799,841.697,0.301,-49.633,-121.58200000000001,-44.303000000000004,-28.666999999999998,12.0,-21.076,243.0,52.0,18.368,-60.699,0.0,-3.043,0.33799999999999997,-8.644,76.001,0.711,-2.458,-56.538000000000004,-3.5060000000000002,-101.682,0.0,5imk_prepared_0001_0001_0001
-768.1089999999999,0.6729999999999999,937.433,-3.138,-52.476000000000006,-3.154,-42.45,-2.551,740.2719999999999,1663.969,923.697,-46.751999999999995,14.0,-1.632,-1476.9779999999998,310.909,-395.725,2.699,48.628,134.13299999999998,861.437,0.37200000000000005,-48.766999999999996,-121.925,-49.18899999999999,-31.616,15.0,-23.116,245.0,52.0,13.174000000000001,-65.185,0.0,-3.034,0.544,-12.292,86.792,0.6459999999999999,-2.079,-49.905,-3.853,-107.88,0.0,5imm_prepared_0001_0001_0001
-1059.085,0.645,1199.124,-2.75,-58.788999999999994,-2.75,-51.434,-2.406,1300.704,2138.154,837.45,-50.713,9.0,-7.85,-2510.492,513.496,-527.887,4.228,84.751,258.004,1404.399,0.154,-92.895,-63.815,-55.703,-134.92600000000002,7.0,-63.483000000000004,388.0,93.0,36.134,-70.839,0.0,-2.01,2.1630000000000003,39.363,126.26799999999999,0.693,-1.869,-117.71700000000001,-2.306,-69.191,0.0,5kxh_prepared_0001_0001_0001
-1122.622,0.643,1069.6689999999999,-2.898,-52.75,-2.635,-49.155,-2.455,1318.715,2001.908,683.194,-49.482,7.0,-8.058,-2478.359,484.592,-527.048,4.2989999999999995,80.778,250.467,1362.586,0.086,-87.19200000000001,-65.954,-52.361999999999995,-134.738,5.0,-62.611000000000004,389.0,91.0,33.461999999999996,-81.248,0.0,-2.278,2.103,13.718,142.942,0.628,-2.178,-135.016,-2.494,-72.319,0.0,5ky4_prepared_0001_0001_0001
-1128.4080000000001,0.584,1063.438,-2.89,-49.728,-2.524,-46.852,-2.378,1290.48,1969.98,679.5,-47.812,6.0,-7.9639999999999995,-2493.45,482.786,-530.216,4.242,81.03399999999999,253.25400000000002,1382.9779999999998,0.086,-84.249,-65.626,-52.888999999999996,-137.495,5.0,-68.79899999999999,392.0,95.0,34.394,-79.542,0.0,-2.271,1.33,19.014,132.791,0.5820000000000001,-2.255,-139.827,-2.3,-75.889,0.0,5ky5_prepared_0001_0001_0001
-1591.3929999999998,0.667,707.827,-2.911,0.0,0.0,-5.577000000000001,-1.064,290.751,524.241,233.49,-28.872,1.0,-4.7,-2811.284,566.99,-859.681,4.402,83.554,275.73900000000003,1600.9189999999999,0.358,-103.59899999999999,-258.311,-68.028,-58.515,3.0,-63.501000000000005,303.0,23.0,46.023999999999994,-132.095,0.0,-2.28,2.226,2.3280000000000003,186.139,0.622,-2.171,-23.881,-2.379,-28.55,0.0,6ddm_prepared_0001_0001_0001
-1150.286,0.693,858.7589999999999,-3.0589999999999997,-44.896,-3.14,-38.217,-2.673,867.9119999999999,1429.7379999999998,561.826,-36.336,10.0,-6.617000000000001,-2153.896,394.466,-554.841,3.443,65.34100000000001,223.11700000000002,1226.489,0.23,-99.229,-110.757,-36.573,-91.63,8.0,-61.053999999999995,377.0,56.0,31.274,-91.24799999999999,0.0,-3.0269999999999997,6.435,-17.098,122.09200000000001,0.6859999999999999,-3.0060000000000002,-81.154,-3.048,-88.385,0.0,6fg8_prepared_0001_0001_0001
-1008.201,0.753,1513.646,-3.266,-79.479,-3.295,-70.57300000000001,-2.926,1622.465,2412.101,789.6360000000001,-60.181000000000004,4.0,-6.397,-1875.365,344.526,-489.869,2.825,60.424,198.386,1072.473,0.096,-68.781,-32.676,-30.48,-149.554,7.0,-60.298,312.0,83.0,17.504,-70.453,0.0,-3.214,1.325,-41.81399999999999,120.023,0.753,-3.555,-156.421,-2.83,-110.368,0.0,6ne2_prepared_0001_0001_0001
638.562,0.6940000000000001,627.053,1.921,-33.306,-3.042,-31.416,-2.87,654.851,1094.692,439.841,62.508,9.0,-6.24,-1361.4389999999999,1150.389,-359.75300000000004,2.84,48.276,357.349,856.569,0.166,-37.553000000000004,-86.329,-16.67,-29.519000000000002,5.0,-18.575,248.0,53.0,10.460999999999999,-32.705999999999996,0.0,-1.3559999999999999,2.231,68.195,91.03399999999999,0.679,-1.291,-33.558,-1.4180000000000001,-38.294000000000004,0.0,1bzq_3_0001
-751.9110000000001,0.728,664.6289999999999,-3.0460000000000003,-44.251999999999995,-3.957,-37.865,-3.386,629.779,1118.438,488.659,-39.681999999999995,7.0,-5.026,-1453.191,323.70799999999997,-432.57,2.43,50.141000000000005,152.126,852.3689999999999,0.239,-60.346000000000004,-86.12700000000001,-43.956,-60.36,7.0,-34.959,251.0,56.0,8.604,-60.265,0.0,-3.255,1.665,-23.403000000000002,117.25,0.727,-3.247,-100.654,-3.266,-81.642,0.0,1op9_3_0001_0001
-790.88,0.755,721.587,-3.133,-45.522,-3.145,-42.748999999999995,-2.9530000000000003,552.034,1447.481,895.447,-42.027,12.0,-7.476,-1442.444,276.328,-441.52,2.407,45.958,153.618,862.877,0.312,-63.626000000000005,-80.705,-46.879,-69.748,10.0,-33.615,253.0,62.0,8.561,-61.044,0.0,-3.1319999999999997,0.532,-24.303,130.19899999999998,0.6779999999999999,-3.378,-94.596,-2.929,-99.57600000000001,0.0,1ri8_3_0001_0001
-735.45,0.695,886.831,-2.9339999999999997,-45.323,-2.747,-39.445,-2.391,726.615,1649.888,923.2719999999999,-35.592,5.0,-7.224,-1425.598,272.301,-403.255,2.39,47.978,154.247,842.93,0.348,-55.376999999999995,-78.867,-46.738,-66.961,10.0,-39.974000000000004,252.0,64.0,13.720999999999998,-56.891000000000005,0.0,-2.8569999999999998,0.515,-13.582,124.936,0.693,-3.138,-97.279,-2.593,-85.565,0.0,1rjc_3_0001_0001
-731.4680000000001,0.759,833.826,-2.971,-50.956,-3.4160000000000004,-47.993,-3.218,615.13,1491.4589999999998,876.329,-42.808,7.0,-5.513,-1435.3010000000002,298.627,-425.086,2.545,46.408,155.285,854.6010000000001,0.313,-51.368,-85.446,-47.631,-64.913,14.0,-34.722,248.0,62.0,7.021,-55.294,0.0,-3.3510000000000004,0.534,-15.811,124.596,0.754,-3.1,-83.695,-3.5460000000000003,-124.098,0.0,1zv5_3_0001_0001
-721.2510000000001,0.779,649.556,-2.8989999999999996,-33.044000000000004,-2.9360000000000004,-30.066,-2.6719999999999997,607.863,1125.3010000000002,517.438,-27.454,9.0,-5.092,-1479.1860000000001,289.084,-398.355,2.873,49.614,174.451,854.362,0.244,-49.753,-84.76100000000001,-41.706,-64.03699999999999,6.0,-34.695,251.0,47.0,12.593,-56.336000000000006,0.0,-2.952,0.878,-16.75,125.565,0.7959999999999999,-3.2119999999999997,-83.508,-2.63,-55.223,0.0,1zvh_3_0001_0001
-574.0840000000001,0.7190000000000001,640.7909999999999,-2.593,-34.169000000000004,-3.182,-26.32,-2.451,640.586,1073.663,433.077,-8.113,10.0,-1.113,-1193.662,312.596,-344.583,2.059,39.154,125.928,644.447,0.307,-28.793000000000003,-120.93299999999999,-17.862000000000002,-22.603,7.0,-26.219,229.0,42.0,19.099,-70.189,0.0,-3.04,1.18,7.843,99.566,0.7809999999999999,-3.554,-71.085,-2.572,-56.59,0.0,2bse_3_0001_0001
-1115.485,0.768,749.335,-3.1689999999999996,-51.521,-3.867,-47.693000000000005,-3.58,772.054,1332.225,560.1709999999999,-45.407,3.0,-0.961,-2020.068,454.67,-664.998,3.545,68.888,206.41400000000002,1175.319,0.222,-68.741,-186.144,-70.719,-43.335,7.0,-34.986999999999995,354.0,59.0,35.539,-83.148,0.0,-3.7,1.8319999999999999,7.711,103.698,0.767,-4.044,-137.486,-3.233,-80.818,0.0,3g9a_3_0001_0001
-921.692,0.6579999999999999,801.7819999999999,-2.762,-41.07,-3.102,-30.42,-2.2969999999999997,655.3889999999999,1324.0620000000001,668.672,-29.348000000000003,14.0,-0.813,-1873.894,467.87300000000005,-606.569,3.5589999999999997,68.064,194.017,1111.776,0.45899999999999996,-63.913000000000004,-170.433,-62.183,-36.326,14.0,-35.836999999999996,335.0,57.0,54.022,-77.51,0.0,-2.966,12.232999999999999,23.171999999999997,71.07,0.6970000000000001,-3.137,-78.421,-2.832,-90.62299999999999,0.0,3k1k_3_0001_0001
-812.45,0.6409999999999999,705.4010000000001,-2.975,-41.282,-3.324,-39.845,-3.208,660.5260000000001,1241.863,581.3380000000001,-38.091,5.0,0.292,-1545.963,357.719,-451.401,2.695,52.6,165.28599999999997,841.2860000000001,0.158,-48.208,-114.389,-35.222,-52.129,6.0,-29.791,274.0,59.0,23.272,-74.081,0.0,-2.975,3.279,-6.553,98.855,0.6709999999999999,-2.8939999999999997,-75.25,-3.0389999999999997,-100.296,0.0,3k74_3_0001_0001
-1545.483,0.5529999999999999,1098.165,-3.167,-50.145,-3.009,-46.442,-2.787,923.433,1666.525,743.092,-46.731,9.0,-4.396,-2807.966,551.962,-782.346,4.64,81.223,309.077,1487.394,0.29,-120.97200000000001,-201.486,-67.888,-81.605,10.0,-58.961999999999996,489.0,77.0,49.253,-119.182,0.0,-3.503,5.263999999999999,-9.756,220.262,0.544,-3.764,-150.556,-3.221,-119.194,0.0,3zkq_3_0001_0001
-1271.377,0.7040000000000001,615.707,-2.9410000000000003,-33.92,-2.843,-32.423,-2.718,471.39099999999996,1193.0739999999998,721.683,-29.261,10.0,1.3630000000000002,-2526.8720000000003,585.5219999999999,-721.868,3.8710000000000004,88.228,241.12400000000002,1491.194,0.293,-96.60700000000001,-119.271,-64.146,-128.069,8.0,-65.329,435.0,42.0,29.843000000000004,-99.58200000000001,0.0,-2.531,4.126,-18.487000000000002,123.583,0.6859999999999999,-3.2689999999999997,-68.653,-1.7930000000000001,-37.661,0.0,4c57_3_0001_0001
-1128.923,0.758,616.556,-2.957,-38.998000000000005,-3.452,-34.376999999999995,-3.043,515.4159999999999,1129.7730000000001,614.357,-32.876,7.0,-1.469,-2175.011,493.841,-620.172,3.935,77.291,212.824,1229.861,0.32,-90.699,-118.115,-51.001999999999995,-101.21799999999999,10.0,-51.818000000000005,383.0,42.0,37.015,-87.79799999999999,0.0,-3.1189999999999998,3.3810000000000002,-17.816,128.047,0.7559999999999999,-3.611,-86.654,-2.465,-44.364,0.0,4c59_3_0001_0001
-869.303,0.665,1095.7,-3.167,-62.982,-3.375,-57.927,-3.1039999999999996,1023.826,1865.965,842.1389999999999,-53.332,7.0,-0.43700000000000006,-1564.869,346.471,-457.965,2.802,53.523999999999994,164.25799999999998,844.4830000000001,0.16899999999999998,-50.629,-115.086,-39.213,-50.775,12.0,-30.522,276.0,78.0,20.26,-72.785,0.0,-3.11,1.7930000000000001,-14.797,94.18299999999999,0.652,-3.0780000000000003,-126.195,-3.1460000000000004,-116.391,0.0,4eig_3_0001_0001
-889.507,0.73,618.467,-3.1189999999999998,-47.293,-4.5169999999999995,-42.0,-4.011,574.393,1047.057,472.664,-40.736999999999995,2.0,-0.657,-1620.0810000000001,352.44800000000004,-493.13800000000003,2.8810000000000002,53.735,176.34400000000002,923.42,0.298,-52.748000000000005,-113.704,-56.042,-55.703,10.0,-29.111,286.0,50.0,17.323,-74.652,0.0,-3.194,1.492,-13.873,92.56,0.738,-3.864,-100.471,-2.467,-59.216,0.0,4eiz_3_0001_0001
-747.93,0.6509999999999999,835.3660000000001,-2.9219999999999997,-39.749,-3.1010000000000004,-35.603,-2.7769999999999997,746.715,1281.872,535.1569999999999,-32.311,7.0,-4.925,-1497.221,308.585,-432.584,2.458,50.235,163.563,877.05,0.175,-55.62,-88.228,-36.207,-63.525,6.0,-34.738,257.0,61.0,21.579,-56.108000000000004,0.0,-3.263,0.672,-23.662,120.74600000000001,0.633,-3.554,-120.838,-2.8960000000000004,-78.196,0.0,4i0c_3_0001_0001
-1452.5520000000001,0.677,1560.23,-2.5639999999999996,-76.07,-3.097,-60.59,-2.4659999999999997,1652.289,2456.527,804.238,-46.75899999999999,8.0,-3.602,-3463.71,727.041,-1001.056,7.291,108.18,370.316,2062.623,0.087,-73.161,-88.898,-82.22200000000001,-302.994,5.0,-96.038,574.0,86.0,49.791000000000004,-82.58200000000001,0.0,-2.26,1.911,50.727,363.83,0.6859999999999999,-2.377,-114.1,-2.113,-80.285,0.0,4lde_3_0001_0001
-980.883,0.71,1048.785,-2.665,-60.968999999999994,-3.2560000000000002,-47.661,-2.545,1073.913,1872.69,798.7769999999999,-38.514,11.0,-1.97,-2222.883,485.47,-588.491,4.157,73.192,246.325,1258.18,0.28800000000000003,-61.18600000000001,-106.10700000000001,-52.934,-110.619,12.0,-51.185,377.0,74.0,30.803,-84.876,0.0,-1.849,3.017,39.525,158.69799999999998,0.721,-2.719,-108.775,-0.8240000000000001,-28.029,0.0,4lgp_3_0001_0001
-1175.546,0.785,902.758,-3.139,-55.138999999999996,-3.875,-52.184,-3.667,745.75,1422.881,677.1310000000001,-50.817,4.0,0.0,-2229.326,446.339,-631.3969999999999,3.983,71.16199999999999,232.524,1265.252,0.22,-69.38,-114.09,-68.844,-111.551,11.0,-51.751999999999995,375.0,54.0,24.644000000000002,-83.704,0.0,-3.5810000000000004,1.0190000000000001,-12.588,152.16299999999998,0.7859999999999999,-3.623,-94.206,-3.543,-99.193,0.0,4lgr_3_0001_0001
-1148.863,0.768,621.802,-2.945,-49.705,-4.519,-47.552,-4.323,644.504,1099.9160000000002,455.412,-43.306999999999995,3.0,-0.466,-2319.703,488.473,-644.0459999999999,4.465,76.88,257.78,1322.355,0.18,-72.904,-119.016,-63.213,-112.39200000000001,7.0,-50.063,392.0,47.0,32.812,-93.18,0.0,-3.238,2.6,-10.460999999999999,151.219,0.7759999999999999,-3.6710000000000003,-88.101,-2.787,-64.092,0.0,4lgs_3_0001_0001
-1092.532,0.62,253.21099999999998,-2.897,-16.86,-2.15,-14.088,-1.797,500.478,784.12,283.642,-12.419,1.0,-0.988,-2168.509,474.225,-622.535,4.172,72.89399999999999,233.403,1226.359,0.17300000000000001,-70.097,-118.007,-50.783,-114.20200000000001,2.0,-53.376999999999995,378.0,35.0,36.896,-83.117,0.0,-1.693,5.481,-8.97,144.622,0.6859999999999999,-2.0780000000000003,-41.558,-1.181,-17.708,0.0,4lhj_3_0001_0001
-999.393,0.8029999999999999,635.048,-2.603,-42.758,-3.813,-42.043,-3.7489999999999997,628.7040000000001,1121.4569999999999,492.75300000000004,-34.018,5.0,0.0,-2271.301,513.212,-607.251,4.482,71.398,265.373,1304.229,0.158,-61.848,-118.464,-51.7,-110.698,5.0,-52.736999999999995,388.0,48.0,38.733000000000004,-86.64299999999999,0.0,-2.4,3.3810000000000002,6.045,154.39700000000002,0.794,-3.27,-78.479,-1.531,-36.739000000000004,0.0,4lhq_3_0001_0001
-849.159,0.623,785.5369999999999,-3.2,-38.724000000000004,-2.767,-34.514,-2.467,706.836,1399.243,692.4060000000001,-34.583,6.0,-0.284,-1465.514,318.639,-418.43800000000005,2.378,46.687,149.774,774.165,0.271,-56.685,-113.04899999999999,-33.694,-33.678000000000004,8.0,-35.998000000000005,266.0,64.0,20.590999999999998,-86.38,0.0,-3.287,1.315,-22.845,103.85700000000001,0.609,-3.657,-124.34,-2.867,-86.023,0.0,4nbx_3_0001_0001
-802.8439999999999,0.7879999999999999,653.487,-3.022,-45.8,-4.2989999999999995,-41.23,-3.87,633.214,1065.41,432.19599999999997,-37.746,7.0,-0.659,-1446.8629999999998,320.726,-402.458,2.585,47.271,150.882,771.133,0.239,-51.931999999999995,-109.781,-32.543,-41.45,7.0,-38.638000000000005,268.0,44.0,19.612000000000002,-79.17,0.0,-3.575,0.915,-12.043,99.569,0.79,-4.029,-80.586,-3.197,-76.725,0.0,4nbz_3_0001_0001
-804.2239999999999,0.679,1707.5610000000001,-2.8,0.0,0.0,-41.07899999999999,-2.91,956.0039999999999,1411.4270000000001,455.42400000000004,-60.791000000000004,5.0,0.0,-1646.594,408.86699999999996,-486.466,3.2889999999999997,57.638000000000005,172.81,941.569,0.158,-65.577,-106.012,-47.958,-56.933,5.0,-33.278,173.0,44.0,28.804000000000002,-71.66,0.0,-3.037,1.615,-10.041,105.70299999999999,0.775,-3.412,-75.068,-2.662,-58.56,0.0,4orz_3_0001_0001
-954.677,0.789,544.278,-2.943,-33.266,-3.326,-31.741,-3.173,442.61800000000005,1000.2289999999999,557.611,-27.235,5.0,-0.61,-1782.642,389.615,-527.836,3.01,56.201,185.217,1056.735,0.23199999999999998,-85.58200000000001,-138.005,-53.992,-40.025,5.0,-43.858000000000004,326.0,63.0,24.23,-94.727,0.0,-3.117,2.31,-23.125,118.40700000000001,0.7929999999999999,-3.4819999999999998,-107.928,-2.763,-88.431,0.0,4qo1_3_0001_0001
-645.205,0.746,705.427,-2.855,-44.553000000000004,-3.708,-40.616,-3.38,630.987,1201.6589999999999,570.672,-39.708,6.0,-2.05,-1227.6989999999998,296.25,-405.44800000000004,2.1430000000000002,47.019,125.137,773.2560000000001,0.317,-56.504,-87.87700000000001,-45.996,-36.039,9.0,-28.354,228.0,47.0,16.96,-65.79899999999999,0.0,-3.147,2.8560000000000003,-4.753,51.693000000000005,0.748,-3.681,-92.03,-2.54,-55.888999999999996,0.0,4s10_3_0001_0001
-729.952,0.7290000000000001,763.597,-2.827,-40.222,-3.036,-37.589,-2.8369999999999997,685.183,1324.836,639.653,-31.789,9.0,-0.46299999999999997,-1443.7020000000002,328.63300000000004,-431.57,2.553,42.395,157.088,805.405,0.168,-49.383,-137.91,-26.734,-28.819000000000003,5.0,-33.666,265.0,66.0,27.881,-67.417,0.0,-2.656,3.384,6.606,115.76700000000001,0.6970000000000001,-2.509,-87.83,-2.821,-87.436,0.0,4w6w_3_0001_0001
-743.079,0.73,822.794,-2.8360000000000003,-51.94,-3.886,-43.02,-3.218,706.6360000000001,1336.6470000000002,630.01,-32.385,10.0,-2.282,-1471.149,326.649,-418.466,2.562,44.232,158.137,804.763,0.39399999999999996,-49.006,-134.662,-38.006,-24.984,13.0,-31.06,267.0,64.0,37.772,-68.024,0.0,-2.824,3.668,2.9730000000000003,113.806,0.7,-2.668,-98.721,-3.037,-81.991,0.0,4w6x_3_0001_0001
-805.319,0.752,745.962,-2.91,-36.948,-2.7039999999999997,-19.804000000000002,-1.45,706.059,1366.2120000000002,660.153,-33.986999999999995,12.0,-4.602,-1496.4460000000001,324.671,-452.913,2.546,46.243,153.63299999999998,855.7280000000001,0.376,-49.446999999999996,-141.726,-49.853,-25.787,7.0,-35.365,274.0,58.0,26.414,-70.542,0.0,-2.356,2.614,-3.533,113.046,0.626,-2.574,-74.654,-2.1390000000000002,-62.021,0.0,4w6y_3_0001_0001
-1090.497,0.69,922.745,-2.985,-48.403999999999996,-3.0989999999999998,-45.103,-2.888,897.451,1561.721,664.2689999999999,-41.576,6.0,-0.961,-2046.493,420.103,-609.066,3.9530000000000003,62.11600000000001,205.74900000000002,1110.611,0.166,-75.23100000000001,-182.125,-41.325,-44.03,6.0,-41.853,369.0,66.0,38.38,-98.60700000000001,0.0,-3.286,2.4330000000000003,29.284000000000002,176.56400000000002,0.6890000000000001,-3.5610000000000004,-138.879,-2.888,-77.973,0.0,4wem_3_0001_0001
-1085.22,0.789,732.775,-2.92,-43.788999999999994,-3.2119999999999997,-40.02,-2.9360000000000004,754.8969999999999,1363.224,608.328,-36.55,6.0,-0.884,-2037.864,398.805,-611.433,3.512,60.958999999999996,214.085,1116.91,0.21899999999999997,-78.018,-173.342,-38.69,-47.63399999999999,8.0,-47.481,374.0,61.0,42.873999999999995,-95.443,0.0,-3.089,4.338,20.52,183.565,0.79,-3.3,-115.51100000000001,-2.805,-72.934,0.0,4wen_3_0001_0001
-962.4580000000001,0.598,590.428,-2.81,-30.822,-3.095,-26.859,-2.697,535.518,995.98,460.462,-23.59,10.0,-0.303,-1895.3370000000002,391.686,-545.669,3.484,56.718999999999994,199.935,1015.065,0.293,-62.678000000000004,-165.11,-39.887,-46.089,7.0,-36.465,344.0,47.0,53.148,-84.76799999999999,0.0,-2.481,1.87,40.188,151.752,0.598,-3.077,-70.768,-1.911,-45.858999999999995,0.0,4weu_3_0001_0001
-1319.91,0.7070000000000001,1168.2910000000002,-3.1489999999999996,-62.847,-3.2880000000000003,-54.034,-2.827,1079.271,1911.385,832.113,-48.551,10.0,-0.439,-2379.33,495.17699999999996,-670.4780000000001,4.194,79.899,247.877,1325.3470000000002,0.209,-121.34899999999999,-159.345,-77.36,-49.77,9.0,-47.872,421.0,74.0,38.571,-121.684,0.0,-3.1239999999999997,4.381,-23.945999999999998,136.219,0.708,-3.477,-125.161,-2.7889999999999997,-105.992,0.0,4x7f_3_0001_0001
-1177.89,0.69,1252.277,-3.1630000000000003,-69.656,-3.364,-58.023,-2.802,985.885,2070.865,1084.98,-56.565,26.0,-6.942,-2168.949,448.68800000000005,-668.7810000000001,3.353,66.967,213.78799999999998,1268.807,0.392,-83.50299999999999,-157.97899999999998,-62.412,-54.213,19.0,-52.994,373.0,89.0,34.592,-97.13799999999999,0.0,-3.195,0.8909999999999999,-14.894,152.827,0.701,-3.2769999999999997,-199.86700000000002,-3.016,-84.45,0.0,5hgg_3_0001_0001
-1411.665,0.716,1103.87,-2.9189999999999996,-62.196000000000005,-2.991,-49.788999999999994,-2.395,1031.615,2079.1639999999998,1047.549,-34.577,8.0,-3.63,-2975.039,680.9639999999999,-865.297,4.364,94.984,296.974,1744.496,0.39399999999999996,-95.44200000000001,-143.03799999999998,-99.40299999999999,-147.942,15.0,-65.118,490.0,81.0,39.149,-103.12299999999999,0.0,-2.99,1.4680000000000002,28.253,195.71599999999998,0.672,-3.014,-135.625,-2.96,-106.556,0.0,5hvf_3_0001_0001
-781.933,0.7240000000000001,891.393,-3.227,-55.39,-3.5639999999999996,-44.919,-2.89,721.049,1554.318,833.2689999999999,-43.235,12.0,-2.194,-1373.894,301.73900000000003,-446.566,2.347,45.623000000000005,143.507,792.922,0.295,-51.948,-123.37100000000001,-44.736000000000004,-28.679000000000002,12.0,-26.136,243.0,51.0,18.836,-60.161,0.0,-3.15,0.301,-5.525,76.001,0.6559999999999999,-3.6189999999999998,-104.95,-2.531,-55.691,0.0,5imk_3_0001_0001
-1159.999,0.693,799.7489999999999,-3.052,-47.628,-3.208,-41.501999999999995,-2.795,820.752,1484.674,663.921,-33.004,4.0,0.0,-2286.056,482.327,-655.431,4.295,76.033,247.34900000000002,1323.175,0.325,-74.171,-116.094,-65.196,-117.155,11.0,-55.458999999999996,383.0,59.0,32.516999999999996,-84.81299999999999,0.0,-2.9739999999999998,3.4619999999999997,-18.28,143.498,0.679,-2.708,-94.76299999999999,-3.363,-80.714,0.0,5j56_3_0001_0001
-1186.9080000000001,0.746,652.224,-3.068,-50.041000000000004,-4.111000000000001,-42.537,-3.495,564.0830000000001,1217.229,653.146,-44.56100000000001,5.0,-1.475,-2265.276,449.8,-636.258,4.051,73.657,242.852,1281.627,0.363,-74.62,-112.27600000000001,-73.333,-115.641,12.0,-52.34,388.0,45.0,26.115,-84.321,0.0,-2.9960000000000004,1.7009999999999998,-7.255,156.084,0.7440000000000001,-3.155,-72.575,-2.83,-62.255,0.0,5j57_3_0001_0001